month,cpi_u_index_sa,inflation_yoy_percent
1947-01,21.48,
1947-02,21.62,
1947-03,22.0,
1947-04,22.0,
1947-05,21.95,
1947-06,22.08,
1947-07,22.23,
1947-08,22.4,
1947-09,22.84,
1947-10,22.91,
1947-11,23.06,
1947-12,23.41,
1948-01,23.68,10.2421
1948-02,23.67,9.482
1948-03,23.5,6.8182
1948-04,23.82,8.2727
1948-05,24.01,9.385
1948-06,24.15,9.375
1948-07,24.4,9.7616
1948-08,24.43,9.0625
1948-09,24.36,6.655
1948-10,24.31,6.1109
1948-11,24.16,4.7702
1948-12,24.05,2.7339
1949-01,24.01,1.3936
1949-02,23.91,1.0139
1949-03,23.91,1.7447
1949-04,23.92,0.4198
1949-05,23.91,-0.4165
1949-06,23.92,-0.9524
1949-07,23.7,-2.8689
1949-08,23.7,-2.9881
1949-09,23.75,-2.5041
1949-10,23.67,-2.6327
1949-11,23.7,-1.904
1949-12,23.61,-1.8295
1950-01,23.51,-2.0825
1950-02,23.61,-1.2547
1950-03,23.64,-1.1292
1950-04,23.65,-1.1288
1950-05,23.77,-0.5855
1950-06,23.88,-0.1672
1950-07,24.07,1.5612
1950-08,24.2,2.1097
1950-09,24.34,2.4842
1950-10,24.5,3.5065
1950-11,24.6,3.7975
1950-12,24.98,5.8026
1951-01,25.38,7.9541
1951-02,25.83,9.4028
1951-03,25.88,9.4755
1951-04,25.92,9.5983
1951-05,25.99,9.3395
1951-06,25.93,8.5846
1951-07,25.91,7.6444
1951-08,25.86,6.8595
1951-09,26.03,6.9433
1951-10,26.16,6.7755
1951-11,26.32,6.9919
1951-12,26.47,5.9648
1952-01,26.45,4.2159
1952-02,26.41,2.2455
1952-03,26.39,1.9706
1952-04,26.46,2.0833
1952-05,26.47,1.8469
1952-06,26.53,2.3139
1952-07,26.68,2.9718
1952-08,26.69,3.2096
1952-09,26.63,2.305
1952-10,26.69,2.026
1952-11,26.69,1.4058
1952-12,26.71,0.9067
1953-01,26.64,0.7183
1953-02,26.59,0.6816
1953-03,26.63,0.9094
1953-04,26.69,0.8692
1953-05,26.7,0.8689
1953-06,26.77,0.9046
1953-07,26.79,0.4123
1953-08,26.85,0.5995
1953-09,26.89,0.9763
1953-10,26.95,0.9741
1953-11,26.85,0.5995
1953-12,26.87,0.599
1954-01,26.94,1.1261
1954-02,26.99,1.5043
1954-03,26.93,1.1265
1954-04,26.86,0.6369
1954-05,26.93,0.8614
1954-06,26.94,0.635
1954-07,26.86,0.2613
1954-08,26.85,0.0
1954-09,26.81,-0.2975
1954-10,26.72,-0.8534
1954-11,26.78,-0.2607
1954-12,26.77,-0.3722
1955-01,26.77,-0.631
1955-02,26.82,-0.6299
1955-03,26.79,-0.5199
1955-04,26.79,-0.2606
1955-05,26.77,-0.5941
1955-06,26.71,-0.8537
1955-07,26.76,-0.3723
1955-08,26.72,-0.4842
1955-09,26.85,0.1492
1955-10,26.82,0.3743
1955-11,26.88,0.3734
1955-12,26.87,0.3736
1956-01,26.83,0.2241
1956-02,26.86,0.1491
1956-03,26.89,0.3733
1956-04,26.93,0.5226
1956-05,27.03,0.9712
1956-06,27.15,1.6473
1956-07,27.29,1.9806
1956-08,27.31,2.2081
1956-09,27.35,1.8622
1956-10,27.51,2.5727
1956-11,27.51,2.3438
1956-12,27.63,2.8284
1957-01,27.67,3.1308
1957-02,27.8,3.4996
1957-03,27.86,3.6073
1957-04,27.93,3.7133
1957-05,28.0,3.5886
1957-06,28.11,3.5359
1957-07,28.19,3.2979
1957-08,28.28,3.5518
1957-09,28.32,3.5466
1957-10,28.32,2.9444
1957-11,28.41,3.2715
1957-12,28.47,3.0402
1958-01,28.64,3.5056
1958-02,28.7,3.2374
1958-03,28.87,3.6253
1958-04,28.94,3.6162
1958-05,28.94,3.3571
1958-06,28.91,2.846
1958-07,28.89,2.4832
1958-08,28.94,2.3338
1958-09,28.91,2.0833
1958-10,28.91,2.0833
1958-11,28.95,1.9007
1958-12,28.97,1.7562
1959-01,29.01,1.2919
1959-02,29.0,1.0453
1959-03,28.97,0.3464
1959-04,28.98,0.1382
1959-05,29.04,0.3455
1959-06,29.11,0.6918
1959-07,29.15,0.9
1959-08,29.18,0.8293
1959-09,29.25,1.1761
1959-10,29.35,1.522
1959-11,29.35,1.3817
1959-12,29.41,1.5188
1960-01,29.37,1.241
1960-02,29.41,1.4138
1960-03,29.41,1.5188
1960-04,29.54,1.9324
1960-05,29.57,1.8251
1960-06,29.61,1.7176
1960-07,29.55,1.3722
1960-08,29.61,1.4736
1960-09,29.61,1.2308
1960-10,29.75,1.3629
1960-11,29.78,1.4651
1960-12,29.81,1.3601
1961-01,29.84,1.6003
1961-02,29.84,1.4621
1961-03,29.84,1.4621
1961-04,29.81,0.914
1961-05,29.84,0.9131
1961-06,29.84,0.7768
1961-07,29.92,1.2521
1961-08,29.94,1.1145
1961-09,29.98,1.2496
1961-10,29.98,0.7731
1961-11,29.98,0.6716
1961-12,30.01,0.6709
1962-01,30.04,0.6702
1962-02,30.11,0.9048
1962-03,30.17,1.1059
1962-04,30.21,1.3418
1962-05,30.24,1.3405
1962-06,30.21,1.2399
1962-07,30.22,1.0027
1962-08,30.28,1.1356
1962-09,30.42,1.4676
1962-10,30.38,1.3342
1962-11,30.38,1.3342
1962-12,30.38,1.2329
1963-01,30.44,1.3316
1963-02,30.48,1.2288
1963-03,30.51,1.1269
1963-04,30.48,0.8937
1963-05,30.51,0.8929
1963-06,30.61,1.3241
1963-07,30.69,1.5553
1963-08,30.75,1.5522
1963-09,30.72,0.9862
1963-10,30.75,1.2179
1963-11,30.78,1.3167
1963-12,30.88,1.6458
1964-01,30.94,1.6426
1964-02,30.91,1.4108
1964-03,30.94,1.4094
1964-04,30.95,1.542
1964-05,30.98,1.5405
1964-06,31.01,1.3068
1964-07,31.02,1.0753
1964-08,31.05,0.9756
1964-09,31.08,1.1719
1964-10,31.12,1.2033
1964-11,31.21,1.397
1964-12,31.25,1.1982
1965-01,31.28,1.0989
1965-02,31.28,1.197
1965-03,31.31,1.1959
1965-04,31.38,1.3893
1965-05,31.48,1.6139
1965-06,31.61,1.9349
1965-07,31.58,1.8053
1965-08,31.55,1.6103
1965-09,31.62,1.7375
1965-10,31.65,1.7031
1965-11,31.75,1.7302
1965-12,31.85,1.92
1966-01,31.88,1.9182
1966-02,32.08,2.5575
1966-03,32.18,2.7787
1966-04,32.28,2.8681
1966-05,32.35,2.7637
1966-06,32.38,2.4359
1966-07,32.45,2.7549
1966-08,32.65,3.4865
1966-09,32.75,3.5737
1966-10,32.85,3.7915
1966-11,32.88,3.5591
1966-12,32.92,3.3595
1967-01,32.9,3.1995
1967-02,33.0,2.8678
1967-03,33.0,2.5482
1967-04,33.1,2.5403
1967-05,33.1,2.3184
1967-06,33.3,2.8413
1967-07,33.4,2.9276
1967-08,33.5,2.6034
1967-09,33.6,2.5954
1967-10,33.7,2.5875
1967-11,33.9,3.1022
1967-12,34.0,3.2807
1968-01,34.1,3.6474
1968-02,34.2,3.6364
1968-03,34.3,3.9394
1968-04,34.4,3.9275
1968-05,34.5,4.2296
1968-06,34.7,4.2042
1968-07,34.9,4.491
1968-08,35.0,4.4776
1968-09,35.1,4.4643
1968-10,35.3,4.7478
1968-11,35.4,4.4248
1968-12,35.6,4.7059
1969-01,35.7,4.6921
1969-02,35.8,4.6784
1969-03,36.1,5.2478
1969-04,36.3,5.5233
1969-05,36.4,5.5072
1969-06,36.6,5.4755
1969-07,36.8,5.4441
1969-08,36.9,5.4286
1969-09,37.1,5.698
1969-10,37.3,5.6657
1969-11,37.5,5.9322
1969-12,37.7,5.8989
1970-01,37.9,6.1625
1970-02,38.1,6.4246
1970-03,38.3,6.0942
1970-04,38.5,6.0606
1970-05,38.6,6.044
1970-06,38.8,6.0109
1970-07,38.9,5.7065
1970-08,39.0,5.6911
1970-09,39.2,5.6604
1970-10,39.4,5.63
1970-11,39.6,5.6
1970-12,39.8,5.5703
1971-01,39.9,5.277
1971-02,39.9,4.7244
1971-03,40.0,4.4386
1971-04,40.1,4.1558
1971-05,40.3,4.4041
1971-06,40.5,4.3814
1971-07,40.6,4.3702
1971-08,40.7,4.359
1971-09,40.8,4.0816
1971-10,40.9,3.8071
1971-11,41.0,3.5354
1971-12,41.1,3.2663
1972-01,41.2,3.2581
1972-02,41.4,3.7594
1972-03,41.4,3.5
1972-04,41.5,3.4913
1972-05,41.6,3.2258
1972-06,41.7,2.963
1972-07,41.8,2.9557
1972-08,41.9,2.9484
1972-09,42.1,3.1863
1972-10,42.2,3.1785
1972-11,42.4,3.4146
1972-12,42.5,3.4063
1973-01,42.7,3.6408
1973-02,43.0,3.8647
1973-03,43.4,4.8309
1973-04,43.7,5.3012
1973-05,43.9,5.5288
1973-06,44.2,5.9952
1973-07,44.2,5.7416
1973-08,45.0,7.3986
1973-09,45.2,7.3634
1973-10,45.6,8.0569
1973-11,45.9,8.2547
1973-12,46.3,8.9412
1974-01,46.8,9.6019
1974-02,47.3,10.0
1974-03,47.8,10.1382
1974-04,48.1,10.0686
1974-05,48.6,10.7062
1974-06,49.0,10.8597
1974-07,49.3,11.5385
1974-08,49.9,10.8889
1974-09,50.6,11.9469
1974-10,51.0,11.8421
1974-11,51.5,12.2004
1974-12,51.9,12.095
1975-01,52.3,11.7521
1975-02,52.6,11.2051
1975-03,52.8,10.4603
1975-04,53.0,10.1871
1975-05,53.1,9.2593
1975-06,53.5,9.1837
1975-07,54.0,9.5335
1975-08,54.2,8.6172
1975-09,54.6,7.9051
1975-10,54.9,7.6471
1975-11,55.3,7.3786
1975-12,55.6,7.1291
1976-01,55.8,6.6922
1976-02,55.9,6.2738
1976-03,56.0,6.0606
1976-04,56.1,5.8491
1976-05,56.4,6.2147
1976-06,56.7,5.9813
1976-07,57.0,5.5556
1976-08,57.3,5.7196
1976-09,57.6,5.4945
1976-10,57.9,5.4645
1976-11,58.1,5.0633
1976-12,58.4,5.036
1977-01,58.7,5.1971
1977-02,59.3,6.0823
1977-03,59.6,6.4286
1977-04,60.0,6.9519
1977-05,60.2,6.7376
1977-06,60.5,6.7019
1977-07,60.8,6.6667
1977-08,61.1,6.6318
1977-09,61.3,6.4236
1977-10,61.6,6.3903
1977-11,62.0,6.7126
1977-12,62.3,6.6781
1978-01,62.7,6.8143
1978-02,63.0,6.2395
1978-03,63.4,6.3758
1978-04,63.9,6.5
1978-05,64.5,7.1429
1978-06,65.0,7.438
1978-07,65.5,7.7303
1978-08,65.9,7.856
1978-09,66.5,8.4829
1978-10,67.1,8.9286
1978-11,67.5,8.871
1978-12,67.9,8.9888
1979-01,68.5,9.2504
1979-02,69.2,9.8413
1979-03,69.9,10.2524
1979-04,70.6,10.4851
1979-05,71.4,10.6977
1979-06,72.2,11.0769
1979-07,73.0,11.4504
1979-08,73.7,11.8361
1979-09,74.4,11.8797
1979-10,75.2,12.0715
1979-11,76.0,12.5926
1979-12,76.9,13.2548
1980-01,78.0,13.8686
1980-02,79.0,14.1618
1980-03,80.1,14.5923
1980-04,80.9,14.5892
1980-05,81.7,14.4258
1980-06,82.5,14.2659
1980-07,82.6,13.1507
1980-08,83.2,12.8901
1980-09,83.9,12.7688
1980-10,84.7,12.633
1980-11,85.6,12.6316
1980-12,86.4,12.3537
1981-01,87.2,11.7949
1981-02,88.0,11.3924
1981-03,88.6,10.6117
1981-04,89.1,10.136
1981-05,89.7,9.7919
1981-06,90.5,9.697
1981-07,91.5,10.7748
1981-08,92.2,10.8173
1981-09,93.1,10.9654
1981-10,93.4,10.2715
1981-11,93.8,9.5794
1981-12,94.1,8.912
1982-01,94.4,8.2569
1982-02,94.7,7.6136
1982-03,94.7,6.8849
1982-04,95.0,6.6218
1982-05,95.9,6.9119
1982-06,97.0,7.1823
1982-07,97.5,6.5574
1982-08,97.7,5.9653
1982-09,97.7,4.9409
1982-10,98.1,5.0321
1982-11,98.0,4.4776
1982-12,97.7,3.8257
1983-01,97.9,3.7076
1983-02,98.0,3.4847
1983-03,98.1,3.5903
1983-04,98.8,4.0
1983-05,99.2,3.4411
1983-06,99.4,2.4742
1983-07,99.8,2.359
1983-08,100.1,2.4565
1983-09,100.4,2.7636
1983-10,100.8,2.7523
1983-11,101.1,3.1633
1983-12,101.4,3.7871
1984-01,102.1,4.2901
1984-02,102.6,4.6939
1984-03,102.9,4.893
1984-04,103.3,4.5547
1984-05,103.5,4.3347
1984-06,103.7,4.326
1984-07,104.1,4.3086
1984-08,104.4,4.2957
1984-09,104.7,4.2829
1984-10,105.1,4.2659
1984-11,105.3,4.1543
1984-12,105.5,4.0434
1985-01,105.7,3.526
1985-02,106.3,3.6062
1985-03,106.8,3.7901
1985-04,107.0,3.5818
1985-05,107.2,3.5749
1985-06,107.5,3.6644
1985-07,107.7,3.4582
1985-08,107.9,3.3525
1985-09,108.1,3.2474
1985-10,108.5,3.235
1985-11,109.0,3.5138
1985-12,109.5,3.7915
1986-01,109.9,3.9735
1986-02,109.7,3.1985
1986-03,109.1,2.1536
1986-04,108.7,1.5888
1986-05,109.0,1.6791
1986-06,109.4,1.7674
1986-07,109.5,1.6713
1986-08,109.6,1.5755
1986-09,110.0,1.7576
1986-10,110.2,1.5668
1986-11,110.4,1.2844
1986-12,110.8,1.1872
1987-01,111.4,1.3649
1987-02,111.8,1.9143
1987-03,112.2,2.8414
1987-04,112.7,3.6799
1987-05,113.0,3.6697
1987-06,113.5,3.7477
1987-07,113.8,3.9269
1987-08,114.3,4.2883
1987-09,114.7,4.2727
1987-10,115.0,4.3557
1987-11,115.4,4.529
1987-12,115.6,4.3321
1988-01,116.0,4.1293
1988-02,116.2,3.9356
1988-03,116.5,3.8324
1988-04,117.2,3.9929
1988-05,117.5,3.9823
1988-06,118.0,3.9648
1988-07,118.5,4.1301
1988-08,119.0,4.112
1988-09,119.5,4.1848
1988-10,119.9,4.2609
1988-11,120.3,4.2461
1988-12,120.7,4.4118
1989-01,121.2,4.4828
1989-02,121.6,4.6472
1989-03,122.2,4.8927
1989-04,123.1,5.0341
1989-05,123.7,5.2766
1989-06,124.1,5.1695
1989-07,124.5,5.0633
1989-08,124.5,4.6218
1989-09,124.8,4.4351
1989-10,125.4,4.5872
1989-11,125.9,4.655
1989-12,126.3,4.6396
1990-01,127.5,5.198
1990-02,128.0,5.2632
1990-03,128.6,5.2373
1990-04,128.9,4.7116
1990-05,129.1,4.3654
1990-06,129.9,4.6737
1990-07,130.5,4.8193
1990-08,131.6,5.7028
1990-09,132.5,6.1699
1990-10,133.4,6.3796
1990-11,133.7,6.1954
1990-12,134.2,6.2549
1991-01,134.7,5.6471
1991-02,134.8,5.3125
1991-03,134.8,4.8212
1991-04,135.1,4.8099
1991-05,135.6,5.0349
1991-06,136.0,4.6959
1991-07,136.2,4.3678
1991-08,136.6,3.7994
1991-09,137.0,3.3962
1991-10,137.2,2.8486
1991-11,137.8,3.0666
1991-12,138.2,2.9806
1992-01,138.3,2.6726
1992-02,138.6,2.819
1992-03,139.1,3.1899
1992-04,139.4,3.1828
1992-05,139.7,3.0236
1992-06,140.1,3.0147
1992-07,140.5,3.1571
1992-08,140.8,3.0747
1992-09,141.1,2.9927
1992-10,141.7,3.2799
1992-11,142.1,3.1205
1992-12,142.3,2.9667
1993-01,142.8,3.2538
1993-02,143.1,3.2468
1993-03,143.3,3.0194
1993-04,143.8,3.1564
1993-05,144.2,3.2212
1993-06,144.3,2.9979
1993-07,144.5,2.847
1993-08,144.8,2.8409
1993-09,145.0,2.764
1993-10,145.6,2.7523
1993-11,146.0,2.7445
1993-12,146.3,2.811
1994-01,146.3,2.451
1994-02,146.7,2.5157
1994-03,147.1,2.6518
1994-04,147.2,2.3644
1994-05,147.5,2.2885
1994-06,147.9,2.4948
1994-07,148.4,2.699
1994-08,149.0,2.9006
1994-09,149.3,2.9655
1994-10,149.4,2.6099
1994-11,149.8,2.6027
1994-12,150.1,2.5974
1995-01,150.5,2.8708
1995-02,150.9,2.863
1995-03,151.2,2.7872
1995-04,151.8,3.125
1995-05,152.1,3.1186
1995-06,152.4,3.0426
1995-07,152.6,2.8302
1995-08,152.9,2.6174
1995-09,153.1,2.5452
1995-10,153.5,2.7443
1995-11,153.7,2.6035
1995-12,153.9,2.5316
1996-01,154.7,2.7907
1996-02,155.0,2.717
1996-03,155.5,2.8439
1996-04,156.1,2.8327
1996-05,156.4,2.8271
1996-06,156.7,2.8215
1996-07,157.0,2.8834
1996-08,157.2,2.8123
1996-09,157.7,3.0046
1996-10,158.2,3.0619
1996-11,158.7,3.2531
1996-12,159.1,3.3788
1997-01,159.4,3.0381
1997-02,159.7,3.0323
1997-03,159.8,2.7653
1997-04,159.9,2.4343
1997-05,159.9,2.2379
1997-06,160.2,2.2336
1997-07,160.4,2.1656
1997-08,160.8,2.2901
1997-09,161.2,2.2194
1997-10,161.5,2.086
1997-11,161.7,1.8904
1997-12,161.8,1.697
1998-01,162.0,1.6311
1998-02,162.0,1.4402
1998-03,162.0,1.3767
1998-04,162.2,1.4384
1998-05,162.6,1.6886
1998-06,162.8,1.623
1998-07,163.2,1.7456
1998-08,163.4,1.6169
1998-09,163.5,1.4268
1998-10,163.9,1.4861
1998-11,164.1,1.4842
1998-12,164.4,1.6069
1999-01,164.7,1.6667
1999-02,164.7,1.6667
1999-03,164.8,1.7284
1999-04,165.9,2.2811
1999-05,166.0,2.091
1999-06,166.0,1.9656
1999-07,166.7,2.1446
1999-08,167.1,2.2644
1999-09,167.8,2.63
1999-10,168.1,2.5625
1999-11,168.4,2.6204
1999-12,168.8,2.6764
2000-01,169.3,2.793
2000-02,170.0,3.218
2000-03,171.0,3.7621
2000-04,170.9,3.0139
2000-05,171.2,3.1325
2000-06,172.2,3.7349
2000-07,172.7,3.5993
2000-08,172.7,3.3513
2000-09,173.6,3.4565
2000-10,173.9,3.4503
2000-11,174.2,3.4442
2000-12,174.6,3.436
2001-01,175.6,3.7212
2001-02,176.0,3.5294
2001-03,176.1,2.9825
2001-04,176.4,3.2183
2001-05,177.3,3.5631
2001-06,177.7,3.194
2001-07,177.4,2.7215
2001-08,177.4,2.7215
2001-09,178.1,2.5922
2001-10,177.6,2.1277
2001-11,177.5,1.8944
2001-12,177.4,1.6037
2002-01,177.7,1.1959
2002-02,178.0,1.1364
2002-03,178.5,1.3629
2002-04,179.3,1.644
2002-05,179.5,1.2408
2002-06,179.6,1.0692
2002-07,180.0,1.4656
2002-08,180.5,1.7475
2002-09,180.8,1.516
2002-10,181.2,2.027
2002-11,181.5,2.2535
2002-12,181.8,2.4803
2003-01,182.6,2.7575
2003-02,183.6,3.1461
2003-03,183.9,3.0252
2003-04,183.2,2.1751
2003-05,182.9,1.8942
2003-06,183.1,1.9488
2003-07,183.7,2.0556
2003-08,184.5,2.2161
2003-09,185.1,2.3783
2003-10,184.9,2.0419
2003-11,185.0,1.9284
2003-12,185.5,2.0352
2004-01,186.3,2.0263
2004-02,186.7,1.6885
2004-03,187.1,1.7401
2004-04,187.4,2.2926
2004-05,188.2,2.8978
2004-06,188.9,3.1677
2004-07,189.1,2.9396
2004-08,189.2,2.5474
2004-09,189.8,2.5392
2004-10,190.8,3.1909
2004-11,191.7,3.6216
2004-12,191.7,3.3423
2005-01,191.6,2.8449
2005-02,192.4,3.053
2005-03,193.1,3.2068
2005-04,193.7,3.3618
2005-05,193.6,2.8693
2005-06,193.7,2.541
2005-07,194.9,3.0672
2005-08,196.1,3.6469
2005-09,198.8,4.7418
2005-10,199.1,4.3501
2005-11,198.1,3.3385
2005-12,198.1,3.3385
2006-01,199.3,4.0188
2006-02,199.4,3.6383
2006-03,199.7,3.4179
2006-04,200.7,3.6138
2006-05,201.3,3.9773
2006-06,201.8,4.1817
2006-07,202.9,4.1047
2006-08,203.8,3.9266
2006-09,202.8,2.0121
2006-10,201.9,1.4063
2006-11,202.0,1.9687
2006-12,203.1,2.524
2007-01,203.437,2.0758
2007-02,204.226,2.4203
2007-03,205.288,2.7982
2007-04,205.904,2.5929
2007-05,206.755,2.7099
2007-06,207.234,2.6928
2007-07,207.603,2.3179
2007-08,207.667,1.8974
2007-09,208.547,2.8338
2007-10,209.19,3.6107
2007-11,210.834,4.3733
2007-12,211.445,4.1088
2008-01,212.174,4.2947
2008-02,212.687,4.143
2008-03,213.448,3.9749
2008-04,213.942,3.9038
2008-05,215.208,4.0884
2008-06,217.463,4.936
2008-07,219.016,5.4975
2008-08,218.69,5.308
2008-09,218.877,4.9533
2008-10,216.995,3.7311
2008-11,213.153,1.0999
2008-12,211.398,-0.0222
2009-01,211.933,-0.1136
2009-02,212.705,0.0085
2009-03,212.495,-0.4465
2009-04,212.709,-0.5763
2009-05,213.022,-1.0158
2009-06,214.79,-1.2292
2009-07,214.726,-1.9588
2009-08,215.445,-1.4838
2009-09,215.861,-1.3779
2009-10,216.509,-0.224
2009-11,217.234,1.9146
2009-12,217.347,2.8141
2010-01,217.488,2.6211
2010-02,217.281,2.1513
2010-03,217.353,2.2862
2010-04,217.403,2.2068
2010-05,217.29,2.0035
2010-06,217.199,1.1216
2010-07,217.605,1.3408
2010-08,217.923,1.1502
2010-09,218.275,1.1183
2010-10,219.035,1.1667
2010-11,219.59,1.0845
2010-12,220.472,1.4378
2011-01,221.187,1.7008
2011-02,221.898,2.1249
2011-03,223.046,2.6192
2011-04,224.093,3.0772
2011-05,224.806,3.459
2011-06,224.806,3.5023
2011-07,225.395,3.5799
2011-08,226.106,3.755
2011-09,226.597,3.8126
2011-10,226.75,3.5223
2011-11,227.169,3.4514
2011-12,227.223,3.0621
2012-01,227.842,3.0088
2012-02,228.329,2.8982
2012-03,228.807,2.5829
2012-04,229.187,2.2732
2012-05,228.713,1.7379
2012-06,228.524,1.6539
2012-07,228.59,1.4175
2012-08,229.918,1.6859
2012-09,231.015,1.9497
2012-10,231.638,2.1557
2012-11,231.249,1.796
2012-12,231.221,1.7595
2013-01,231.679,1.6841
2013-02,232.937,2.0181
2013-03,232.282,1.5187
2013-04,231.797,1.1388
2013-05,231.893,1.3904
2013-06,232.445,1.7158
2013-07,232.9,1.8855
2013-08,233.456,1.5388
2013-09,233.544,1.0947
2013-10,233.669,0.8768
2013-11,234.1,1.2329
2013-12,234.719,1.5128
2014-01,235.288,1.5578
2014-02,235.547,1.1205
2014-03,236.028,1.6127
2014-04,236.468,2.0151
2014-05,236.918,2.1669
2014-06,237.231,2.059
2014-07,237.498,1.9742
2014-08,237.46,1.7151
2014-09,237.477,1.6841
2014-10,237.43,1.6095
2014-11,236.983,1.2315
2014-12,236.252,0.6531
2015-01,234.747,-0.2299
2015-02,235.342,-0.087
2015-03,235.976,-0.022
2015-04,236.222,-0.104
2015-05,237.001,0.035
2015-06,237.657,0.1796
2015-07,238.034,0.2257
2015-08,238.033,0.2413
2015-09,237.498,0.0088
2015-10,237.733,0.1276
2015-11,238.017,0.4363
2015-12,237.761,0.6387
2016-01,237.652,1.2375
2016-02,237.336,0.8473
2016-03,238.08,0.8916
2016-04,238.992,1.1726
2016-05,239.557,1.0785
2016-06,240.222,1.0793
2016-07,240.101,0.8684
2016-08,240.545,1.0553
2016-09,241.176,1.5486
2016-10,241.741,1.6859
2016-11,242.026,1.6843
2016-12,242.637,2.0508
2017-01,243.618,2.5104
2017-02,244.006,2.8104
2017-03,243.892,2.4412
2017-04,244.193,2.1762
2017-05,244.004,1.8563
2017-06,244.163,1.6406
2017-07,244.243,1.7251
2017-08,245.183,1.9281
2017-09,246.435,2.1806
2017-10,246.626,2.0208
2017-11,247.284,2.1725
2017-12,247.805,2.1299
2018-01,248.859,2.1513
2018-02,249.529,2.2635
2018-03,249.577,2.3309
2018-04,250.227,2.471
2018-05,250.792,2.7819
2018-06,251.018,2.8076
2018-07,251.214,2.8541
2018-08,251.663,2.6429
2018-09,252.182,2.3321
2018-10,252.772,2.492
2018-11,252.594,2.1473
2018-12,252.767,2.0024
2019-01,252.561,1.4876
2019-02,253.319,1.5189
2019-03,254.277,1.8832
2019-04,255.233,2.0006
2019-05,255.296,1.7959
2019-06,255.213,1.6712
2019-07,255.802,1.8263
2019-08,256.036,1.7376
2019-09,256.43,1.6845
2019-10,257.155,1.734
2019-11,257.879,2.0923
2019-12,258.63,2.3195
2020-01,259.127,2.5998
2020-02,259.25,2.3413
2020-03,258.076,1.494
2020-04,256.032,0.313
2020-05,255.802,0.1982
2020-06,257.042,0.7167
2020-07,258.352,0.9969
2020-08,259.316,1.2811
2020-09,259.997,1.391
2020-10,260.319,1.2304
2020-11,260.911,1.1757
2020-12,262.045,1.3204
2021-01,262.687,1.3738
2021-02,263.579,1.6698
2021-03,264.961,2.6678
2021-04,266.614,4.1331
2021-05,268.383,4.9183
2021-06,270.654,5.2956
2021-07,271.903,5.2452
2021-08,272.676,5.152
2021-09,273.91,5.3512
2021-10,276.55,6.235
2021-11,278.919,6.902
2021-12,280.845,7.1743
2022-01,282.543,7.5588
2022-02,284.5,7.9373
2022-03,287.674,8.5722
2022-04,288.561,8.2318
2022-05,291.298,8.5382
2022-06,294.957,8.9794
2022-07,294.913,8.4626
2022-08,295.097,8.2226
2022-09,296.349,8.1921
2022-10,298.007,7.7588
2022-11,298.786,7.1229
2022-12,298.832,6.4046
2023-01,300.42,6.3272
2023-02,301.45,5.9578
2023-03,301.821,4.9177
2023-04,302.845,4.9501
2023-05,303.334,4.1319
2023-06,304.014,3.0706
2023-07,304.609,3.2877
2023-08,306.082,3.7225
2023-09,307.276,3.6872
2023-10,307.696,3.2513
2023-11,308.148,3.1333
2023-12,308.741,3.3159
2024-01,309.698,3.0883
2024-02,310.967,3.1571
2024-03,312.345,3.4868
2024-04,313.023,3.3608
2024-05,313.175,3.2443
2024-06,313.044,2.9703
2024-07,313.569,2.9415
2024-08,314.062,2.6071
2024-09,314.732,2.4265
2024-10,315.631,2.5788
2024-11,316.528,2.7195
2024-12,317.604,2.8707
2025-01,318.961,2.991
2025-02,319.679,2.8016
2025-03,319.785,2.382
2025-04,320.302,2.3254
2025-05,320.62,2.3773
2025-06,321.435,2.6805
2025-07,322.169,2.7426
2025-08,323.291,2.9386
2025-09,324.245,3.0226
2025-11,325.063,2.6964
2025-12,326.031,2.6533
2026-01,326.588,2.3912
2026-02,327.46,2.434
2026-03,330.293,3.286
2026-04,332.407,3.7792
2026-05,333.979,4.1666
2026-06,332.568,3.4635
2026-07,332.813,3.3039
2026-08,334.131,3.353
